{
  "name":"arowana",
  "breeding":"MID_SUMMER",
  "growing_time":6,
  "offspring":4,
  "favourite_food":"untamedwilds:chum",
  "sounds":{

  },
  "species":[
    {
      "name":"black",
      "variant":0,
      "scale":0.8,
      "rarity":2,
      "spawnBiomes":[
        [
          "tag|is_jungle"
        ]
      ]
    },
    {
      "name":"green",
      "variant":1,
      "scale":1.1,
      "rarity":2,
      "skins":12,
      "spawnBiomes":[
        [
          "tag|is_swamp"
        ],
        [
          "tag|is_jungle"
        ]
      ]
    },
    {
      "name":"jardini",
      "variant":2,
      "scale":1,
      "rarity":1,
      "spawnBiomes":[
        [
          "tag|is_swamp"
        ]
      ]
    },
    {
      "name":"silver",
      "variant":3,
      "scale":1,
      "rarity":2,
      "spawnBiomes":[
        [
          "tag|is_jungle"
        ]
      ]
    }
  ]
}