{
  "name":"bear",
  "breeding":"EARLY_SUMMER",
  "growing_time":8,
  "offspring":2,
  "sounds":{
    "ambient":"untamedwilds:entity.bear.ambient",
    "hurt":"untamedwilds:entity.bear.hurt",
    "death":"untamedwilds:entity.bear.death",
    "threat":"untamedwilds:entity.bear.warning"
  },
  "flags":{
    "hasHump":0,
    "hasShortSnout":0,
    "isPanda":0
  },
  "species":[
    {
      "name":"black",
      "variant":0,
      "scale":0.8,
      "rarity":5,
      "breeding":"EARLY_SUMMER",
      "growing_time":8,
      "offspring":2,
      "activityType":"crepuscular",
      "favourite_food":"minecraft:sweet_berries",
      "attack":5,
      "health":30,
      "skins":41,
      "flags":{

      },
      "spawnBiomes":[
        [
          "tag|is_forest"
        ],
        [
          "tag|is_taiga"
        ]
      ]
    },
    {
      "name":"blind",
      "variant":1,
      "scale":1.1,
      "rarity":1,
      "breeding":"MID_SUMMER",
      "growing_time":8,
      "offspring":1,
      "activityType":"cathemeral",
      "favourite_food":"minecraft:beef",
      "attack":7,
      "health":45,
      "flags":{
        "hasShortSnout":1
      },
      "spawnBiomes":[
        [
          "tag|is_underground"
        ]
      ]
    },
    {
      "name":"brown",
      "variant":2,
      "scale":1.1,
      "rarity":3,
      "breeding":"MID_SUMMER",
      "growing_time":8,
      "offspring":1,
      "activityType":"diurnal",
      "favourite_food":"minecraft:salmon",
      "attack":7,
      "health":40,
      "skins":40,
      "flags":{
        "hasHump":1
      },
      "spawnBiomes":[
        [
          "tag|is_taiga"
        ],
        [
          "tag|is_mountain"
        ]
      ]
    },
    {
      "name":"cave",
      "variant":3,
      "scale":1.3,
      "rarity":1,
      "breeding":"MID_SUMMER",
      "growing_time":10,
      "offspring":1,
      "activityType":"crepuscular",
      "favourite_food":"minecraft:potato",
      "attack":9,
      "health":50,
      "flags":{
        "hasHump":1
      },
      "spawnBiomes":[
        [
          "tag|is_taiga"
        ],
        [
          "tag|is_mountain"
        ]
      ]
    },
    {
      "name":"panda",
      "variant":4,
      "scale":0.7,
      "rarity":0,
      "breeding":"MID_SPRING",
      "growing_time":6,
      "offspring":1,
      "activityType":"crepuscular",
      "favourite_food":"minecraft:bamboo",
      "attack":4,
      "health":25,
      "flags":{
        "hasShortSnout":1,
        "isPanda":1
      },
      "spawnBiomes":[
        [
          "resource|minecraft:bamboo_jungle"
        ],
        [
          "resource|minecraft:bamboo_jungle_hills"
        ]
      ]
    },
    {
      "name":"polar",
      "variant":5,
      "scale":1.3,
      "rarity":1,
      "breeding":"LATE_SPRING",
      "growing_time":10,
      "offspring":1,
      "activityType":"diurnal",
      "favourite_food":"untamedwilds:material_blubber",
      "attack":8,
      "health":45,
      "flags":{

      },
      "spawnBiomes":[
        [
          "tag|is_icy"
        ],
        [
          "resource|minecraft:frozen_ocean"
        ],
        [
          "resource|minecraft:deep_frozen_ocean"
        ]
      ]
    },
    {
      "name":"spectacled",
      "variant":6,
      "scale":0.8,
      "rarity":1,
      "breeding":"LATE_WET",
      "growing_time":7,
      "offspring":1,
      "activityType":"crepuscular",
      "favourite_food":"minecraft:apple",
      "attack":5,
      "health":30,
      "flags":{
        "hasShortSnout":1
      },
      "spawnBiomes":[
        [
          "tag|is_mountain"
        ]
      ]
    },
    {
      "name":"sun",
      "variant":7,
      "scale":0.6,
      "rarity":1,
      "breeding":"MID_WET",
      "growing_time":4,
      "offspring":2,
      "activityType":"diurnal",
      "favourite_food":"minecraft:honeycomb",
      "attack":4,
      "health":15,
      "flags":{
        "groupCount":3
      },
      "spawnBiomes":[
        [
          "tag|is_jungle"
        ]
      ]
    }
  ]
}