{
  "name":"bison",
  "breeding":"MID_SUMMER",
  "growing_time":10,
  "offspring":1,
  "sounds":{
    "ambient":"untamedwilds:entity.bison.ambient",
    "hurt":"minecraft:entity.cow.hurt",
    "death":"minecraft:entity.cow.death"
  },
  "flags":{
    "groupCount":3
  },
  "species":[
    {
      "name":"plains",
      "variant":0,
      "scale":1.3,
      "rarity":5,
      "activityType":"diurnal",
      "favourite_food":"untamedwilds:flora_junegrass",
      "flags":{
        "groupCount":3
      },
      "spawnBiomes":[
        [
          "tag|is_plains"
        ]
      ]
    },
    {
      "name":"wisent",
      "variant":1,
      "scale":1.3,
      "rarity":5,
      "activityType":"diurnal",
      "favourite_food":"minecraft:wheat",
      "flags":{
        "groupCount":3
      },
      "spawnBiomes":[
        [
          "tag|is_forest"
        ]
      ]
    }
  ]
}