{
  "name":"camel",
  "breeding":"MID_SUMMER",
  "growing_time":13,
  "offspring":1,
  "sounds":{
    "ambient":"entity.camel.ambient",
    "hurt":"entity.camel.hurt",
    "death":"entity.camel.death"
  },
  "flags":{
    "groupCount":2
  },
  "species":[
    {
      "name":"bactrian",
      "variant":0,
      "scale":1.1,
      "rarity":6,
      "activityType":"diurnal",
      "favourite_food":"minecraft:cactus",
      "flags":{
        "groupCount":2
      },
      "spawnBiomes":[
        [
          "tag|is_wasteland"
        ]
      ]
    },
    {
      "name":"dromedary",
      "variant":1,
      "scale":1.0,
      "rarity":6,
      "activityType":"diurnal",
      "favourite_food":"minecraft:cactus",
      "skins": 20,
      "flags":{
        "groupCount":2
      },
      "spawnBiomes":[
        [
          "tag|is_desert"
        ]
      ]
    },
    {
      "name":"wild_bactrian",
      "variant":2,
      "scale":1.0,
      "rarity":1,
      "activityType":"diurnal",
      "favourite_food":"minecraft:cactus",
      "flags":{
        "groupCount":2
      },
      "spawnBiomes":[
        [
          "tag|is_desert"
        ]
      ]
    }
  ]
}