{
  "name":"catfish",
  "breeding":"MID_SUMMER",
  "growing_time":6,
  "offspring":5,
  "favourite_food":"untamedwilds:chum",
  "sounds":{

  },
  "species":[
    {
      "name":"blue",
      "variant":0,
      "scale":1,
      "rarity":2,
      "flags":{
        "groupCount": 2
      },
      "spawnBiomes":[
        [
          "tag|is_river"
        ],
        [
          "tag|is_swamp"
        ]
      ]
    },
    {
      "name":"channel",
      "variant":1,
      "scale":0.8,
      "rarity":2,
      "flags":{
        "groupCount": 2
      },
      "spawnBiomes":[
        [
          "tag|is_river"
        ],
        [
          "tag|is_swamp"
        ]
      ]
    },
    {
      "name":"redtail",
      "variant":2,
      "scale":1.2,
      "rarity":1,
      "skins":20,
      "flags":{
        "groupCount": 1
      },
      "spawnBiomes":[
        [
          "tag|is_swamp"
        ],
        [
          "tag|is_jungle"
        ]
      ]
    }
  ]
}