{
  "name":"football_fish",
  "breeding":"EARLY_AUTUMN",
  "growing_time":12,
  "offspring":3,
  "favourite_food":"untamedwilds:chum",
  "sounds":{

  },
  "species":[
    {
      "name":"atlantic",
      "variant":0,
      "scale":1,
      "rarity":1,
      "skins":40,
      "spawnBiomes":[
        [
          "resource|minecraft:deep_lukewarm_ocean"
        ],
        [
          "resource|minecraft:deep_cold_ocean"
        ],
        [
          "resource|minecraft:deep_ocean"
        ]
      ]
    }
  ]
}