{
  "name":"hippo",
  "breeding":"EARLY_SUMMER",
  "growing_time":8,
  "offspring":1,
  "activityType":"cathemeral",
  "favourite_food":"untamedwilds:flora_water_hyacinth_item",
  "sounds":{
    "ambient":"untamedwilds:entity.hippo.ambient",
    "hurt":"minecraft:entity.cow.hurt",
    "death":"minecraft:entity.cow.death"
  },
  "species":[
    {
      "name":"common",
      "variant":0,
      "scale":1.2,
      "rarity":1,
      "skins":30,
      "flags":{
        "groupCount": 2
      },
      "spawnBiomes":[
        [
          "tag|is_savanna"
        ],
        [
          "tag|is_swamp"
        ]
      ]
    }
  ]
}