{
  "name":"hyena",
  "breeding":"MID_WINTER",
  "growing_time":4,
  "offspring":2,
  "activityType":"nocturnal",
  "favourite_food":"minecraft:rotten_flesh",
  "sounds":{
    "ambient":"untamedwilds:entity.hyena.ambient",
    "hurt":"untamedwilds:entity.hyena.hurt",
    "death":"untamedwilds:entity.hyena.death",
    "threat":"untamedwilds:entity.hyena.growl"
  },
  "species":[
    {
      "name":"aardwolf",
      "variant":0,
      "scale":0.8,
      "rarity":3,
      "attack":4,
      "health":10,
      "flags":{
        "groupCount":1
      },
      "spawnBiomes":[
        [ "tag|is_savanna" ]
      ]
    },
    {
      "name":"brown",
      "variant":1,
      "scale":0.8,
      "rarity":2,
      "attack":4,
      "health":14,
      "flags":{
        "groupCount":4
      },
      "spawnBiomes":[
        [ "tag|is_savanna" ]
      ]
    },
    {
      "name":"spotted",
      "variant":2,
      "scale":1,
      "rarity":5,
      "attack":5,
      "health":20,
      "skins":30,
      "sounds":{
        "ambient":"untamedwilds:entity.hyena.laugh",
        "threat":"untamedwilds:entity.hyena.laugh"
      },
      "flags":{
        "groupCount":8
      },
      "spawnBiomes":[
        [ "tag|is_savanna" ],
        [ "tag|is_badlands" ]
      ]
    },
    {
      "name":"striped",
      "variant":3,
      "scale":0.9,
      "rarity":3,
      "attack":4,
      "health":16,
      "flags":{
        "groupCount":1
      },
      "spawnBiomes":[
        [ "tag|is_savanna" ],
        [ "tag|is_badlands" ]
      ]
    },
    {
      "name":"shortface",
      "variant":4,
      "scale":1.2,
      "rarity":1,
      "attack":5,
      "health":24,
      "flags":{
        "groupCount":3
      },
      "spawnBiomes":[
        [ "tag|is_savanna" ]
      ]
    }
  ]
}