{
  "name":"king_crab",
  "breeding":"EARLY_SUMMER",
  "growing_time":6,
  "offspring":4,
  "favourite_food":"minecraft:cod",
  "sounds":{
    "ambient":"untamedwilds:entity.tarantula.ambient",
    "hurt":"entity.spider.hurt",
    "death":"entity.spider.death"
  },
  "species":[
    {
      "name":"centolla",
      "variant":0,
      "scale":1,
      "rarity":3,
      "flags":{
        "groupCount": 4
      },
      "spawnBiomes":[
        [
          "resource|minecraft:cold_ocean"
        ],
        [
          "resource|minecraft:ocean"
        ],
        [
          "resource|minecraft:deep_cold_ocean"
        ],
        [
          "resource|minecraft:deep_ocean"
        ]
      ]
    },
    {
      "name":"red",
      "variant":1,
      "scale":1.1,
      "rarity":2,
      "flags":{
        "groupCount": 4
      },
      "spawnBiomes":[
        [
          "resource|minecraft:cold_ocean"
        ],
        [
          "resource|minecraft:ocean"
        ],
        [
          "resource|minecraft:deep_cold_ocean"
        ],
        [
          "resource|minecraft:deep_ocean"
        ]
      ]
    },
    {
      "name":"spiny",
      "variant":2,
      "scale":0.8,
      "rarity":1,
      "flags":{
        "groupCount": 3
      },
      "spawnBiomes":[
        [
          "resource|minecraft:deep_cold_ocean"
        ],
        [
          "resource|minecraft:deep_ocean"
        ]
      ]
    }
  ]
}