{
  "name":"large_snake",
  "breeding":"LATE_SUMMER",
  "growing_time":7,
  "offspring":2,
  "sounds":{
    "ambient":"untamedwilds:entity.snake.warning",
    "hurt":"untamedwilds:entity.snake.warning",
    "death":"untamedwilds:entity.snake.warning",
    "threat":"untamedwilds:entity.snake.warning"
  },
  "flags":{
    "eggLayer":0
  },
  "species":[
    {
      "name":"anaconda",
      "variant":0,
      "scale":0.9,
      "rarity":1,
      "offspring":2,
      "activityType":"cathemeral",
      "favourite_food":"minecraft:beef",
      "attack":4,
      "health":30,
      "flags":{
        "parts":3
      },
      "spawnBiomes":[
        [
          "tag|is_jungle"
        ],
        [
          "tag|is_swamp"
        ]
      ]
    },
    {
      "name":"reticulated_python",
      "variant":1,
      "scale":1,
      "rarity":1,
      "offspring":4,
      "activityType":"cathemeral",
      "favourite_food":"minecraft:porkchop",
      "attack":4,
      "health":30,
      "flags":{
        "eggLayer":1,
        "parts":3
      },
      "spawnBiomes":[
        [
          "tag|is_swamp"
        ],
        [
          "tag|is_jungle"
        ]
      ]
    }
  ]
}