{
  "name":"monitor",
  "breeding":"LATE_SPRING",
  "growing_time":7,
  "offspring":5,
  "attack":3,
  "health":10,
  "favourite_food":"untamedwilds:food_turtle_raw",
  "sounds":{
    "ambient":"entity.turtle.ambient_land",
    "hurt":"entity.turtle.hurt",
    "death":"entity.turtle.death"
  },
  "species":[
    {
      "name":"bengal",
      "variant":0,
      "scale":1.2,
      "rarity":3,
      "attack":3,
      "health":14,
      "skins":21,
      "flags":{
        "groupCount": 2
      },
      "spawnBiomes":[
        [ "tag|is_swamp" ]
      ]
    },
    {
      "name":"desert",
      "variant":1,
      "scale":0.9,
      "rarity":3,
      "attack":3,
      "health":14,
      "skins":30,
      "flags":{
        "groupCount": 2
      },
      "spawnBiomes":[
        [ "tag|is_desert" ],
        [ "tag|is_badlands" ]
      ]
    },
    {
      "name":"nile",
      "variant":2,
      "scale":1.0,
      "rarity":3,
      "attack":3,
      "health":14,
      "flags":{
        "groupCount": 2
      },
      "spawnBiomes":[
        [ "tag|is_savanna" ]
      ]
    },
    {
      "name":"rock",
      "variant":3,
      "scale":1.0,
      "rarity":3,
      "attack":4,
      "health":16,
      "skins":20,
      "flags":{
        "groupCount": 2
      },
      "spawnBiomes":[
        [ "tag|is_savanna" ],
        [ "tag|is_badlands" ]
      ]
    },
    {
      "name":"water",
      "variant":4,
      "scale":1.2,
      "rarity":3,
      "attack":4,
      "health":18,
      "skins":41,
      "flags":{
        "groupCount": 2
      },
      "spawnBiomes":[
        [ "tag|is_swamp" ],
        [ "tag|is_jungle" ]
      ]
    }
  ]
}