{
  "name":"newt",
  "breeding":"EARLY_SUMMER",
  "growing_time":3,
  "offspring":5,
  "favourite_food":"untamedwilds:food_turtle_raw",
  "sounds":{
    "hurt":"entity.turtle.hurt",
    "death":"entity.turtle.death"
  },
  "flags":{
    "isAquatic":0
  },
  "species":[
    {
      "name":"coastal",
      "variant":0,
      "scale":1.3,
      "rarity":5,
      "skins":30,
      "spawnBiomes":[
        [
          "tag|is_forest"
        ],
        [
          "tag|is_taiga"
        ]
      ]
    },
    {
      "name":"crested",
      "variant":1,
      "scale":1,
      "rarity":2,
      "skins":20,
      "flags":{
        "isAquatic":1
      },
      "spawnBiomes":[
        [
          "tag|is_river"
        ],
        [
          "tag|is_mountain"
        ]
      ]
    },
    {
      "name":"eastern",
      "variant":2,
      "scale":1,
      "rarity":3,
      "skins":20,
      "flags":{
        "isAquatic":1
      },
      "spawnBiomes":[
        [
          "tag|is_swamp"
        ],
        [
          "tag|is_river"
        ],
        [
          "tag|is_mountain"
        ]
      ]
    },
    {
      "name":"fire_salamander",
      "variant":3,
      "scale":1.2,
      "rarity":5,
      "skins":30,
      "spawnBiomes":[
        [
          "tag|is_forest"
        ],
        [
          "tag|is_taiga"
        ],
        [
          "tag|is_river"
        ]
      ]
    },
    {
      "name":"ribbed",
      "variant":4,
      "scale":0.9,
      "rarity":3,
      "flags":{
        "isAquatic":1
      },
      "spawnBiomes":[
        [
          "tag|is_swamp"
        ],
        [
          "tag|is_river"
        ],
        [
          "tag|is_mountain"
        ]
      ]
    },
    {
      "name":"tiger",
      "variant":5,
      "scale":1.2,
      "rarity":5,
      "skins":21,
      "spawnBiomes":[
        [
          "tag|is_forest"
        ],
        [
          "tag|is_river"
        ]
      ]
    }
  ]
}