{
  "name":"rhino",
  "breeding":"EARLY_SUMMER",
  "growing_time":12,
  "offspring":1,
  "activityType":"cathemeral",
  "favourite_food":"minecraft:melon_slice",
  "sounds":{
    "ambient":"untamedwilds:entity.rhino.ambient",
    "hurt":"untamedwilds:entity.rhino.hurt",
    "death":"untamedwilds:entity.rhino.death"
  },
  "species":[
    {
      "name":"black",
      "variant":0,
      "scale":0.9,
      "rarity":5,
      "attack":8,
      "health":50,
      "spawnBiomes":[
        [
          "tag|is_savanna"
        ]
      ]
    },
    {
      "name":"indian",
      "variant":1,
      "scale":1.1,
      "rarity":4,
      "attack":8,
      "health":60,
      "spawnBiomes":[
        [
          "tag|is_jungle"
        ],
        [
          "tag|is_mountain"
        ]
      ]
    },
    {
      "name":"javan",
      "variant":2,
      "scale":0.8,
      "rarity":1,
      "attack":6,
      "health":45,
      "spawnBiomes":[
        [
          "tag|is_jungle"
        ]
      ]
    },
    {
      "name":"sumatran",
      "variant":3,
      "scale":0.8,
      "rarity":1,
      "attack":5,
      "health":40,
      "spawnBiomes":[
        [
          "tag|is_jungle"
        ]
      ]
    },
    {
      "name":"white",
      "variant":4,
      "scale":1,
      "rarity":2,
      "attack":10,
      "health":60,
      "spawnBiomes":[
        [
          "tag|is_savanna"
        ]
      ]
    },
    {
      "name":"wooly",
      "variant":5,
      "scale":1.2,
      "rarity":1,
      "attack":10,
      "health":60,
      "spawnBiomes":[
        [
          "tag|is_icy"
        ],
        [
          "tag|is_taiga"
        ]
      ]
    }
  ]
}