{
  "name":"shark",
  "breeding":"MID_SUMMER",
  "growing_time":7,
  "offspring":3,
  "favourite_food":"untamedwilds:chum",
  "sounds":{

  },
  "species":[
    {
      "name":"bigeye",
      "variant":0,
      "scale":0.8,
      "rarity":1,
      "attack":8,
      "health":30,
      "flags":{
        "bottomDweller":1,
        "shortFins":0
      },
      "spawnBiomes":[
        [
          "resource|minecraft:deep_warm_ocean"
        ],
        [
          "resource|minecraft:deep_lukewarm_ocean"
        ],
        [
          "resource|minecraft:deep_cold_ocean"
        ],
        [
          "resource|minecraft:deep_ocean"
        ]
      ]
    },
    {
      "name":"bluntnose",
      "variant":1,
      "scale":1.6,
      "rarity":2,
      "attack":14,
      "health":45,
      "flags":{
        "bottomDweller":1,
        "shortFins":1
      },
      "spawnBiomes":[
        [
          "resource|minecraft:deep_warm_ocean"
        ],
        [
          "resource|minecraft:deep_lukewarm_ocean"
        ],
        [
          "resource|minecraft:deep_cold_ocean"
        ],
        [
          "resource|minecraft:deep_ocean"
        ]
      ]
    },
    {
      "name":"bull",
      "variant":2,
      "scale":1,
      "rarity":4,
      "attack":10,
      "health":40,
      "flags":{
        "bottomDweller":0,
        "shortFins":0
      },
      "spawnBiomes":[
        [
          "resource|minecraft:ocean"
        ],
        [
          "resource|minecraft:lukewarm_ocean"
        ],
        [
          "resource|minecraft:warm_ocean"
        ]
      ]
    },
    {
      "name":"goblin",
      "variant":3,
      "scale":1,
      "rarity":1,
      "attack":8,
      "health":30,
      "flags":{
        "bottomDweller":1,
        "shortFins":1
      },
      "spawnBiomes":[
        [
          "resource|minecraft:deep_warm_ocean"
        ],
        [
          "resource|minecraft:deep_lukewarm_ocean"
        ],
        [
          "resource|minecraft:deep_cold_ocean"
        ],
        [
          "resource|minecraft:deep_ocean"
        ]
      ]
    },
    {
      "name":"great_white",
      "variant":4,
      "scale":1.8,
      "rarity":2,
      "attack":16,
      "health":50,
      "flags":{
        "bottomDweller":0,
        "shortFins":0
      },
      "spawnBiomes":[
        [
          "resource|minecraft:deep_cold_ocean"
        ],
        [
          "resource|minecraft:deep_ocean"
        ]
      ]
    },
    {
      "name":"greenland",
      "variant":5,
      "scale":1.8,
      "rarity":1,
      "attack":14,
      "health":50,
      "flags":{
        "bottomDweller":0,
        "shortFins":1
      },
      "spawnBiomes":[
        [
          "resource|minecraft:deep_cold_ocean"
        ],
        [
          "resource|minecraft:frozen_ocean"
        ],
        [
          "resource|minecraft:deep_frozen_ocean"
        ]
      ]
    },
    {
      "name":"hammerhead",
      "variant":6,
      "scale":1.3,
      "rarity":2,
      "attack":10,
      "health":40,
      "flags":{
        "bottomDweller":0,
        "shortFins":0
      },
      "spawnBiomes":[
        [
          "resource|minecraft:ocean"
        ],
        [
          "resource|minecraft:lukewarm_ocean"
        ],
        [
          "resource|minecraft:warm_ocean"
        ]
      ]
    },
    {
      "name":"lemon",
      "variant":7,
      "scale":0.9,
      "rarity":1,
      "attack":6,
      "health":25,
      "flags":{
        "bottomDweller":0,
        "shortFins":0
      },
      "spawnBiomes":[
        [
          "resource|minecraft:warm_ocean"
        ]
      ]
    },
    {
      "name":"mako",
      "variant":8,
      "scale":1.1,
      "rarity":4,
      "attack":8,
      "health":30,
      "flags":{
        "bottomDweller":0,
        "shortFins":0
      },
      "spawnBiomes":[
        [
          "resource|minecraft:deep_warm_ocean"
        ],
        [
          "resource|minecraft:deep_lukewarm_ocean"
        ],
        [
          "resource|minecraft:deep_cold_ocean"
        ],
        [
          "resource|minecraft:deep_ocean"
        ]
      ]
    },
    {
      "name":"tiger",
      "variant":9,
      "scale":1.3,
      "rarity":2,
      "attack":16,
      "health":45,
      "flags":{
        "bottomDweller":0,
        "shortFins":0
      },
      "spawnBiomes":[
        [
          "resource|minecraft:warm_ocean"
        ],
        [
          "resource|minecraft:deep_warm_ocean"
        ],
        [
          "resource|minecraft:lukewarm_ocean"
        ],
        [
          "resource|minecraft:deep_lukewarm_ocean"
        ]
      ]
    }
  ]
}