{
  "name":"snake",
  "breeding":"LATE_SUMMER",
  "growing_time":6,
  "offspring":4,
  "favourite_food":"minecraft:rabbit",
  "sounds":{
    "ambient":"untamedwilds:entity.snake.warning",
    "hurt":"untamedwilds:entity.snake.warning",
    "death":"untamedwilds:entity.snake.warning",
    "threat":"untamedwilds:entity.snake.warning"
  },
  "flags":{
    "venom":0,
    "rattler":0
  },
  "species":[
    {
      "name":"adder",
      "variant":0,
      "scale":0.7,
      "rarity":3,
      "flags":{
        "venom":1
      },
      "spawnBiomes":[
        [
          "tag|is_taiga"
        ],
        [
          "tag|is_forest"
        ],
        [
          "tag|is_plains"
        ]
      ]
    },
    {
      "name":"ball_python",
      "variant":1,
      "scale":1,
      "rarity":2,
      "spawnBiomes":[
        [
          "tag|is_savanna"
        ]
      ]
    },
    {
      "name":"black_mamba",
      "variant":2,
      "scale":1.3,
      "rarity":2,
      "flags":{
        "venom":2
      },
      "spawnBiomes":[
        [
          "tag|is_savanna"
        ]
      ]
    },
    {
      "name":"carpet_python",
      "variant":3,
      "scale":1.1,
      "rarity":1,
      "spawnBiomes":[
        [
          "tag|is_jungle"
        ]
      ]
    },
    {
      "name":"cave_racer",
      "variant":4,
      "scale":1,
      "rarity":1,
      "spawnBiomes":[
        [
          "tag|is_jungle"
        ]
      ]
    },
    {
      "name":"coral",
      "variant":5,
      "scale":0.7,
      "rarity":3,
      "flags":{
        "venom":2
      },
      "spawnBiomes":[
        [
          "tag|is_badlands"
        ],
        [
          "tag|is_forest"
        ],
        [
          "tag|is_plains"
        ]
      ]
    },
    {
      "name":"coral_blue",
      "variant":6,
      "scale":1.1,
      "rarity":1,
      "flags":{
        "venom":1
      },
      "spawnBiomes":[
        [
          "tag|is_jungle"
        ]
      ]
    },
    {
      "name":"corn",
      "variant":7,
      "scale":0.9,
      "rarity":3,
      "spawnBiomes":[
        [
          "tag|is_plains"
        ]
      ]
    },
    {
      "name":"emerald",
      "variant":8,
      "scale":0.9,
      "rarity":2,
      "spawnBiomes":[
        [
          "tag|is_jungle"
        ]
      ]
    },
    {
      "name":"grass_snake",
      "variant":9,
      "scale":0.8,
      "rarity":3,
      "spawnBiomes":[
        [
          "tag|is_swamp"
        ],
        [
          "tag|is_forest"
        ]
      ]
    },
    {
      "name":"gray_kingsnake",
      "variant":10,
      "scale":0.7,
      "rarity":3,
      "spawnBiomes":[
        [
          "tag|is_badlands"
        ]
      ]
    },
    {
      "name":"green_mamba",
      "variant":11,
      "scale":1.3,
      "rarity":2,
      "flags":{
        "venom":2
      },
      "spawnBiomes":[
        [
          "tag|is_savanna"
        ],
        [
          "tag|is_jungle"
        ]
      ]
    },
    {
      "name":"rattlesnake",
      "variant":12,
      "scale":0.7,
      "rarity":2,
      "sounds":{
        "ambient":"untamedwilds:entity.snake.rattle",
        "hurt":"untamedwilds:entity.snake.rattle",
        "death":"untamedwilds:entity.snake.rattle",
        "threat":"untamedwilds:entity.snake.rattle"
      },
      "flags":{
        "rattler":1,
        "venom":1
      },
      "spawnBiomes":[
        [
          "tag|is_badlands"
        ],
        [
          "tag|is_plains"
        ]
      ]
    },
    {
      "name":"rice_paddy",
      "variant":13,
      "scale":0.7,
      "rarity":2,
      "flags":{
        "venom":1
      },
      "spawnBiomes":[
        [
          "tag|is_swamp"
        ],
        [
          "tag|is_forest"
        ]
      ]
    },
    {
      "name":"swamp_moccasin",
      "variant":14,
      "scale":0.7,
      "rarity":2,
      "flags":{
        "venom":1
      },
      "spawnBiomes":[
        [
          "tag|is_swamp"
        ]
      ]
    },
    {
      "name":"taipan",
      "variant":15,
      "scale":1,
      "rarity":2,
      "flags":{
        "venom":2
      },
      "spawnBiomes":[
        [
          "tag|is_badlands"
        ]
      ]
    },
    {
      "name":"western_rattlesnake",
      "variant":16,
      "scale":0.7,
      "rarity":2,
      "sounds":{
        "ambient":"untamedwilds:entity.snake.rattle",
        "hurt":"untamedwilds:entity.snake.rattle",
        "death":"untamedwilds:entity.snake.rattle",
        "threat":"untamedwilds:entity.snake.rattle"
      },
      "flags":{
        "venom":1,
        "rattler":1
      },
      "spawnBiomes":[
        [
          "tag|is_badlands"
        ],
        [
          "tag|is_desert"
        ]
      ]
    }
  ]
}