{
  "name":"softshell_turtle",
  "breeding":"EARLY_SUMMER",
  "growing_time":6,
  "offspring":5,
  "favourite_food":"minecraft:cod",
  "sounds":{
    "ambient":"entity.turtle.ambient_land",
    "hurt":"entity.turtle.hurt",
    "death":"entity.turtle.death"
  },
  "species":[
    {
      "name":"black",
      "variant":0,
      "scale":1,
      "rarity":2,
      "spawnBiomes":[
        [
          "tag|is_swamp"
        ],
        [
          "tag|is_jungle"
        ]
      ]
    },
    {
      "name":"chinese",
      "variant":1,
      "scale":0.8,
      "rarity":3,
      "skins":20,
      "spawnBiomes":[
        [
          "tag|is_swamp"
        ],
        [
          "tag|is_jungle"
        ],
        [
          "tag|is_river"
        ]
      ]
    },
    {
      "name":"flapshell",
      "variant":2,
      "scale":1,
      "rarity":2,
      "spawnBiomes":[
        [
          "tag|is_swamp"
        ],
        [
          "tag|is_river"
        ]
      ]
    },
    {
      "name":"nile",
      "variant":3,
      "scale":1.1,
      "rarity":2,
      "spawnBiomes":[
        [
          "tag|is_river"
        ]
      ]
    },
    {
      "name":"peacock",
      "variant":4,
      "scale":0.9,
      "rarity":1,
      "spawnBiomes":[
        [
          "tag|is_jungle"
        ]
      ]
    },
    {
      "name":"pig_nose",
      "variant":5,
      "scale":0.8,
      "rarity":2,
      "spawnBiomes":[
        [
          "tag|is_jungle"
        ],
        [
          "tag|is_swamp"
        ]
      ]
    },
    {
      "name":"spiny",
      "variant":6,
      "scale":0.7,
      "rarity":3,
      "spawnBiomes":[
        [
          "tag|is_swamp"
        ],
        [
          "tag|is_river"
        ]
      ]
    }
  ]
}