{
  "name":"spadefish",
  "breeding":"MID_SUMMER",
  "growing_time":6,
  "offspring":4,
  "favourite_food":"minecraft:sea_grass",
  "sounds":{

  },
  "species":[
    {
      "name":"atlantic",
      "variant":0,
      "scale":0.9,
      "rarity":2,
      "flags":{
        "groupCount": 3
      },
      "spawnBiomes":[
        [ "resource|minecraft:mangrove_swamp" ],
        [
          "tag|is_ocean",
          "!resource|minecraft:cold_ocean",
          "!resource|minecraft:frozen_ocean",
          "!resource|minecraft:deep_cold_ocean",
          "!resource|minecraft:deep_frozen_ocean"
        ]
      ]
    },
    {
      "name":"dusky",
      "variant":1,
      "scale":1,
      "rarity":2,
      "flags":{
        "groupCount": 3
      },
      "spawnBiomes":[
        [ "resource|minecraft:warm_ocean" ],
        [ "resource|minecraft:lukewarm_ocean" ]
      ]
    },
    {
      "name":"orbicular",
      "variant":2,
      "scale":1.2,
      "rarity":1,
      "flags":{
        "groupCount": 3
      },
      "spawnBiomes":[
        [ "resource|minecraft:mangrove_swamp" ],
        [ "resource|minecraft:warm_ocean" ],
        [ "resource|minecraft:lukewarm_ocean" ]
      ]
    },
    {
      "name":"teira",
      "variant":3,
      "scale":1.3,
      "rarity":2,
      "flags":{
        "groupCount": 3
      },
      "spawnBiomes":[
        [ "resource|minecraft:ocean" ],
        [ "resource|minecraft:warm_ocean" ],
        [ "resource|minecraft:lukewarm_ocean" ]
      ]
    }
  ]
}