{
  "name":"tortoise",
  "breeding":"EARLY_SUMMER",
  "growing_time":6,
  "offspring":5,
  "favourite_food":"minecraft:apple",
  "sounds":{
    "ambient":"entity.turtle.ambient_land",
    "hurt":"entity.turtle.hurt",
    "death":"entity.turtle.death"
  },
  "species":[
    {
      "name":"asian_box",
      "variant":0,
      "scale":0.8,
      "rarity":2,
      "spawnBiomes":[
        [
          "tag|is_forest"
        ],
        [
          "tag|is_jungle"
        ]
      ]
    },
    {
      "name":"gopher",
      "variant":1,
      "scale":1,
      "rarity":3,
      "spawnBiomes":[
        [
          "tag|is_forest"
        ]
      ]
    },
    {
      "name":"leopard",
      "variant":2,
      "scale":1,
      "rarity":2,
      "spawnBiomes":[
        [
          "tag|is_savanna"
        ],
        [
          "tag|is_badlands"
        ],
        [
          "tag|is_plains"
        ]
      ]
    },
    {
      "name":"marginated",
      "variant":3,
      "scale":0.9,
      "rarity":2,
      "spawnBiomes":[
        [
          "tag|is_forest"
        ],
        [
          "tag|is_plains"
        ]
      ]
    },
    {
      "name":"star",
      "variant":4,
      "scale":0.8,
      "rarity":1,
      "spawnBiomes":[
        [
          "tag|is_plains"
        ],
        [
          "tag|is_badlands"
        ]
      ]
    },
    {
      "name":"sulcata",
      "variant":5,
      "scale":1.2,
      "rarity":2,
      "spawnBiomes":[
        [
          "tag|is_savanna"
        ]
      ]
    }
  ]
}