{
  "name":"trevally",
  "breeding":"MID_SUMMER",
  "growing_time":6,
  "offspring":4,
  "favourite_food":"untamedwilds:chum",
  "sounds":{

  },
  "species":[
    {
      "name":"bigeye",
      "variant":0,
      "scale":0.8,
      "rarity":2,
      "flags":{
        "groupCount":4
      },
      "spawnBiomes":[
        [
          "tag|is_ocean",
          "!resource|minecraft:cold_ocean",
          "!resource|minecraft:frozen_ocean",
          "!resource|minecraft:deep_cold_ocean",
          "!resource|minecraft:deep_frozen_ocean"
        ]
      ]
    },
    {
      "name":"bluespotted",
      "variant":1,
      "scale":0.8,
      "rarity":2,
      "flags":{
        "groupCount":4
      },
      "spawnBiomes":[
        [
          "tag|is_ocean",
          "!resource|minecraft:cold_ocean",
          "!resource|minecraft:frozen_ocean",
          "!resource|minecraft:deep_cold_ocean",
          "!resource|minecraft:deep_frozen_ocean"
        ]
      ]
    },
    {
      "name":"giant",
      "variant":2,
      "scale":1.5,
      "rarity":1,
      "flags":{
        "groupCount":1
      },
      "spawnBiomes":[
        [
          "tag|is_ocean",
          "!resource|minecraft:cold_ocean",
          "!resource|minecraft:frozen_ocean",
          "!resource|minecraft:deep_cold_ocean",
          "!resource|minecraft:deep_frozen_ocean"
        ]
      ]
    },
    {
      "name":"golden",
      "variant":3,
      "scale":1,
      "rarity":2,
      "flags":{
        "groupCount":3
      },
      "spawnBiomes":[
        [
          "tag|is_ocean",
          "!resource|minecraft:cold_ocean",
          "!resource|minecraft:frozen_ocean",
          "!resource|minecraft:deep_cold_ocean",
          "!resource|minecraft:deep_frozen_ocean"
        ]
      ]
    },
    {
      "name":"jack",
      "variant":4,
      "scale":1,
      "rarity":3,
      "flags":{
        "groupCount":4
      },
      "spawnBiomes":[
        [
          "tag|is_ocean",
          "!resource|minecraft:cold_ocean",
          "!resource|minecraft:frozen_ocean",
          "!resource|minecraft:deep_cold_ocean",
          "!resource|minecraft:deep_frozen_ocean"
        ]
      ]
    }
  ]
}