{
  "name":"triggerfish",
  "breeding":"MID_SUMMER",
  "growing_time":6,
  "offspring":4,
  "favourite_food":"untamedwilds:chum",
  "sounds":{

  },
  "species":[
    {
      "name":"clown",
      "variant":0,
      "scale":1.1,
      "rarity":2,
      "flags":{
        "groupCount": 2
      },
      "spawnBiomes":[
        [
          "resource|minecraft:warm_ocean"
        ],
        [
          "resource|minecraft:lukewarm_ocean"
        ]
      ]
    },
    {
      "name":"grey",
      "variant":1,
      "scale":1.1,
      "rarity":2,
      "flags":{
        "groupCount": 2
      },
      "spawnBiomes":[
        [
          "resource|minecraft:ocean"
        ],
        [
          "resource|minecraft:lukewarm_ocean"
        ]
      ]
    },
    {
      "name":"orangelined",
      "variant":2,
      "scale":1,
      "rarity":1,
      "flags":{
        "groupCount": 2
      },
      "spawnBiomes":[
        [
          "resource|minecraft:warm_ocean"
        ],
        [
          "resource|minecraft:lukewarm_ocean"
        ]
      ]
    },
    {
      "name":"picasso",
      "variant":3,
      "scale":1,
      "rarity":1,
      "flags":{
        "groupCount": 2
      },
      "spawnBiomes":[
        [
          "resource|minecraft:warm_ocean"
        ],
        [
          "resource|minecraft:lukewarm_ocean"
        ]
      ]
    },
    {
      "name":"redtooth",
      "variant":4,
      "scale":1.1,
      "rarity":1,
      "flags":{
        "groupCount": 2
      },
      "spawnBiomes":[
        [
          "resource|minecraft:warm_ocean"
        ],
        [
          "resource|minecraft:lukewarm_ocean"
        ]
      ]
    },
    {
      "name":"reef",
      "variant":5,
      "scale":1.1,
      "rarity":1,
      "flags":{
        "groupCount": 2
      },
      "spawnBiomes":[
        [
          "resource|minecraft:warm_ocean"
        ],
        [
          "resource|minecraft:lukewarm_ocean"
        ]
      ]
    },
    {
      "name":"titan",
      "variant":6,
      "scale":1.3,
      "rarity":1,
      "flags":{
        "groupCount": 2
      },
      "spawnBiomes":[
        [
          "resource|minecraft:warm_ocean"
        ],
        [
          "resource|minecraft:lukewarm_ocean"
        ]
      ]
    }
  ]
}